<?xml version="1.0" encoding="UTF-8" ?>

<!--
  Logging configuration.
  By default logs are generated in logs/sonar.log.

  See http://logback.qos.ch/manual/configuration.html
-->
<configuration debug="false">
  <contextListener class="ch.qos.logback.classic.jul.LevelChangePropagator"/>

  <appender name="LOGFILE" class="ch.qos.logback.core.rolling.RollingFileAppender">
    <File>${SONAR_HOME}/logs/sonar.log</File>
    <rollingPolicy class="ch.qos.logback.core.rolling.FixedWindowRollingPolicy">
      <param name="FileNamePattern" value="${SONAR_HOME}/logs/sonar.%i.log"/>
      <param name="MinIndex" value="1"/>
      <param name="MaxIndex" value="3"/>
    </rollingPolicy>
    <triggeringPolicy class="ch.qos.logback.core.rolling.SizeBasedTriggeringPolicy">
      <param name="MaxFileSize" value="5MB"/>
    </triggeringPolicy>
    <encoder class="ch.qos.logback.classic.encoder.PatternLayoutEncoder">
      <!-- Use %d{yyyy.MM.dd HH:mm:ss.SSS} to display milliseconds -->
      <pattern>
        %d{yyyy.MM.dd HH:mm:ss} %-5level %logger{20} %X %msg%n
      </pattern>
    </encoder>
  </appender>

  <appender name="CONSOLE" class="ch.qos.logback.core.ConsoleAppender">
    <encoder class="ch.qos.logback.classic.encoder.PatternLayoutEncoder">
      <pattern>
        %d{yyyy.MM.dd HH:mm:ss} %-5level %msg%n
      </pattern>
    </encoder>
  </appender>

  <logger name="console" additivity="false">
    <level value="INFO"/>
    <appender-ref ref="CONSOLE"/>
  </logger>

  <!-- Display Rails warnings and errors  -->
  <logger name="rails">
    <level value="WARN"/>
  </logger>

  <logger name="org.hibernate.cache.ReadWriteCache">
    <!-- removing "An item was expired by the cache while it was locked (increase your cache timeout)" msg -->
    <level value="ERROR"/>
  </logger>
  <logger name="org.hibernate">
    <level value="WARN"/>
  </logger>

  <!-- Display SQL requests and results by setting the following loggers to level DEBUG -->
  <logger name="org.hibernate.SQL">
    <level value="WARN"/>
  </logger>
  <logger name="org.apache.ibatis">
    <level value="WARN"/>
  </logger>
  <logger name="java.sql">
    <level value="WARN"/>
  </logger>
  <logger name="java.sql.ResultSet">
    <level value="WARN"/>
  </logger>

  <!-- Execution of measure filters -->
  <logger name="org.sonar.MEASURE_FILTER">
    <level value="WARN"/>
  </logger>

  <!-- Export of dry run database -->
  <!--
  <logger name="org.sonar.core.persistence.DbTemplate">
    <level value="DEBUG"/>
  </logger>
  <logger name="org.sonar.core.persistence.DryRunDatabaseFactory">
    <level value="DEBUG"/>
  </logger>
  -->

  <root>
    <level value="INFO"/>
    <appender-ref ref="LOGFILE"/>
  </root>

</configuration>
